NNge,weka.classifiers.rules.NNge
stackingC,weka.classifiers.meta.StackingC
elasticNet,weka.classifiers.functions.ElasticNet
elasticNet,weka.classifiers.functions.coordinate_descent.CoordinateDescent
fuzzyLaticeReasoning,weka.classifiers.misc.FLR
functionalTrees,weka.classifiers.trees.FT
functionalTrees,weka.classifiers.trees.ft.FTNode
functionalTrees,weka.classifiers.trees.ft.FTLeavesNode
functionalTrees,weka.classifiers.trees.ft.FTtree
functionalTrees,weka.classifiers.trees.ft.FTInnerNode
functionalTrees,weka.classifiers.trees.ft.LogisticBase
lazyBayesianRules,weka.classifiers.lazy.LBR
latentSemanticAnalysis,weka.attributeSelection.LatentSemanticAnalysis
citationKNN,weka.classifiers.mi.CitationKNN
classAssociationRules,weka.classifiers.rules.car.CarClassifier
classAssociationRules,weka.classifiers.rules.car.JCBA
classAssociationRules,weka.classifiers.rules.car.WeightedClassifier
classAssociationRules,weka.classifiers.rules.car.utils.Stopwatch
classAssociationRules,weka.associations.classification.CrListElement
classAssociationRules,weka.associations.classification.CrNode
classAssociationRules,weka.associations.classification.PrecedencePruning
classAssociationRules,weka.associations.classification.CaRuleGeneration
classAssociationRules,weka.associations.classification.LabeledItemSet
classAssociationRules,weka.associations.classification.CrList
classAssociationRules,weka.associations.classification.JCBAPruning
classAssociationRules,weka.associations.classification.CrTree
classAssociationRules,weka.associations.classification.PruneCAR
GPAttributeGeneration,weka.filters.supervised.attribute.gpattributegeneration.Node
GPAttributeGeneration,weka.filters.supervised.attribute.gpattributegeneration.Genome
GPAttributeGeneration,weka.filters.supervised.attribute.gpattributegeneration.RPNCalculator
GPAttributeGeneration,weka.filters.supervised.attribute.gpattributegeneration.EnumGenerationMethod
GPAttributeGeneration,weka.filters.supervised.attribute.gpattributegeneration.GPAttributeGeneration
GPAttributeGeneration,weka.filters.supervised.attribute.gpattributegeneration.Population
GPAttributeGeneration,weka.filters.supervised.attribute.gpattributegeneration.EnumGeneType
GPAttributeGeneration,weka.filters.supervised.attribute.gpattributegeneration.Epoch
GPAttributeGeneration,weka.filters.supervised.attribute.gpattributegeneration.EnumFitnessEvaluationMethod
GPAttributeGeneration,weka.filters.supervised.attribute.gpattributegeneration.Parse
GPAttributeGeneration,weka.filters.supervised.attribute.gpattributegeneration.NSGAII
GPAttributeGeneration,weka.filters.supervised.attribute.gpattributegeneration.EnumSelectionMethod
GPAttributeGeneration,weka.filters.supervised.attribute.gpattributegeneration.Function
GPAttributeGeneration,weka.filters.supervised.attribute.gpattributegeneration.Timer
GPAttributeGeneration,weka.filters.supervised.attribute.gpattributegeneration.Selection
GPAttributeGeneration,weka.filters.supervised.attribute.gpattributegeneration.GeneNode
GPAttributeGeneration,weka.filters.supervised.attribute.gpattributegeneration.Gene
GPAttributeGeneration,weka.filters.supervised.attribute.gpattributegeneration.GeneticOperator
GPAttributeGeneration,weka.filters.supervised.attribute.gpattributegeneration.EnumSortingCriteria
GPAttributeGeneration,weka.filters.supervised.attribute.gpattributegeneration.GPSystem
GPAttributeGeneration,weka.filters.supervised.attribute.gpattributegeneration.GeneNodeList
GPAttributeGeneration,weka.filters.supervised.attribute.gpattributegeneration.GeneticCrossoverParam
DilcaDistance,weka.core.DilcaDistance
DMNBtext,weka.classifiers.bayes.DMNBtext
averagedOneDependenceEstimators,weka.classifiers.bayes.AODE
averagedOneDependenceEstimators,weka.classifiers.bayes.WAODE
averagedOneDependenceEstimators,weka.classifiers.bayes.AODEsr
J48graft,weka.classifiers.trees.j48.GraftSplit
J48graft,weka.classifiers.trees.j48.C45PruneableClassifierTreeG
J48graft,weka.classifiers.trees.J48graft
rotationForest,weka.classifiers.meta.RotationForest
ensembleLibrary,weka.classifiers.EnsembleLibraryModelComparator
ensembleLibrary,weka.classifiers.EnsembleLibrary
ensembleLibrary,weka.classifiers.EnsembleLibraryModel
ensembleLibrary,weka.classifiers.meta.ensembleSelection.EnsembleModelMismatchException
ensembleLibrary,weka.classifiers.meta.ensembleSelection.EnsembleMetricHelper
ensembleLibrary,weka.classifiers.meta.ensembleSelection.ModelBag
ensembleLibrary,weka.classifiers.meta.ensembleSelection.EnsembleSelectionLibraryModel
ensembleLibrary,weka.classifiers.meta.ensembleSelection.EnsembleSelectionLibrary
ensembleLibrary,weka.classifiers.meta.EnsembleSelection
ensembleLibrary,weka.gui.EnsembleSelectionLibraryEditor
ensembleLibrary,weka.gui.ensembleLibraryEditor.LoadModelsPanel
ensembleLibrary,weka.gui.ensembleLibraryEditor.AddModelsPanel
ensembleLibrary,weka.gui.ensembleLibraryEditor.DefaultModelsPanel
ensembleLibrary,weka.gui.ensembleLibraryEditor.ListModelsPanel
ensembleLibrary,weka.gui.ensembleLibraryEditor.tree.GenericObjectNodeEditor
ensembleLibrary,weka.gui.ensembleLibraryEditor.tree.NumberClassNotFoundException
ensembleLibrary,weka.gui.ensembleLibraryEditor.tree.CheckBoxNode
ensembleLibrary,weka.gui.ensembleLibraryEditor.tree.NumberNodeEditor
ensembleLibrary,weka.gui.ensembleLibraryEditor.tree.DefaultNode
ensembleLibrary,weka.gui.ensembleLibraryEditor.tree.ModelTreeNodeRenderer
ensembleLibrary,weka.gui.ensembleLibraryEditor.tree.GenericObjectNode
ensembleLibrary,weka.gui.ensembleLibraryEditor.tree.PropertyNode
ensembleLibrary,weka.gui.ensembleLibraryEditor.tree.InvalidInputException
ensembleLibrary,weka.gui.ensembleLibraryEditor.tree.NumberNode
ensembleLibrary,weka.gui.ensembleLibraryEditor.tree.CheckBoxNodeEditor
ensembleLibrary,weka.gui.ensembleLibraryEditor.tree.ModelTreeNodeEditor
ensembleLibrary,weka.gui.ensembleLibraryEditor.ModelList
ensembleLibrary,weka.gui.ensembleLibraryEditor.LibrarySerialization
ensembleLibrary,weka.gui.EnsembleLibraryEditor
tertius,weka.associations.tertius.Literal
tertius,weka.associations.tertius.Body
tertius,weka.associations.tertius.Predicate
tertius,weka.associations.tertius.AttributeValueLiteral
tertius,weka.associations.tertius.SimpleLinkedList
tertius,weka.associations.tertius.IndividualInstances
tertius,weka.associations.tertius.LiteralSet
tertius,weka.associations.tertius.Rule
tertius,weka.associations.tertius.Head
tertius,weka.associations.tertius.IndividualLiteral
tertius,weka.associations.tertius.IndividualInstance
tertius,weka.associations.Tertius
LibSVM,weka.classifiers.functions.LibSVM
classifierErrors,weka.gui.visualize.plugins.ClassifierErrorsMathtools
kfPMMLClassifierScoring,weka.gui.beans.PMMLClassifierScoringCustomizer
kfPMMLClassifierScoring,weka.gui.beans.PMMLClassifierScoring
kfPMMLClassifierScoring,weka.gui.beans.PMMLClassifierScoringBeanInfo
probabilisticSignificanceAE,weka.attributeSelection.SignificanceAttributeEval
generalizedSequentialPatterns,weka.associations.gsp.Element
generalizedSequentialPatterns,weka.associations.gsp.Sequence
generalizedSequentialPatterns,weka.associations.GeneralizedSequentialPatterns
kfKettle,org.pentaho.dm.plugins.kf.KettleInject
kfKettle,org.pentaho.dm.plugins.kf.KettleInjectBeanInfo
kfKettle,weka.knowledgeflow.steps.KettleInject
bayesianLogisticRegression,weka.classifiers.bayes.blr.Prior
bayesianLogisticRegression,weka.classifiers.bayes.blr.GaussianPriorImpl
bayesianLogisticRegression,weka.classifiers.bayes.blr.LaplacePriorImpl
bayesianLogisticRegression,weka.classifiers.bayes.BayesianLogisticRegression
levenshteinEditDistance,weka.core.EditDistance
levenshteinEditDistance,weka.core.AbstractStringDistanceFunction
ordinalLearningMethod,weka.classifiers.rules.OLM
hiddenNaiveBayes,weka.classifiers.bayes.HNB
CLOPE,weka.clusterers.CLOPE
prefuseTree,weka.gui.visualize.plugins.PrefuseTree
ordinalStochasticDominance,weka.classifiers.misc.monotone.EnumerationIterator
ordinalStochasticDominance,weka.classifiers.misc.monotone.DistributionUtils
ordinalStochasticDominance,weka.classifiers.misc.monotone.InstancesComparator
ordinalStochasticDominance,weka.classifiers.misc.monotone.AbsoluteLossFunction
ordinalStochasticDominance,weka.classifiers.misc.monotone.NominalLossFunction
ordinalStochasticDominance,weka.classifiers.misc.monotone.Coordinates
ordinalStochasticDominance,weka.classifiers.misc.monotone.InstancesUtil
ordinalStochasticDominance,weka.classifiers.misc.monotone.DiscreteDistribution
ordinalStochasticDominance,weka.classifiers.misc.monotone.MultiDimensionalSort
ordinalStochasticDominance,weka.classifiers.misc.monotone.CumulativeDiscreteDistribution
ordinalStochasticDominance,weka.classifiers.misc.monotone.BitMatrix
ordinalStochasticDominance,weka.classifiers.misc.monotone.BooleanBitMatrix
ordinalStochasticDominance,weka.classifiers.misc.monotone.OSDLCore
ordinalStochasticDominance,weka.classifiers.misc.monotone.ZeroOneLossFunction
ordinalStochasticDominance,weka.classifiers.misc.OSDL
optics_dbScan,weka.clusterers.forOPTICSAndDBScan.Databases.Database
optics_dbScan,weka.clusterers.forOPTICSAndDBScan.DataObjects.DataObject
optics_dbScan,weka.clusterers.forOPTICSAndDBScan.OPTICS_GUI.OPTICS_Visualizer
optics_dbScan,weka.clusterers.forOPTICSAndDBScan.OPTICS_GUI.SERObject
optics_dbScan,weka.clusterers.forOPTICSAndDBScan.OPTICS_GUI.ResultVectorTableModel
optics_dbScan,weka.clusterers.forOPTICSAndDBScan.OPTICS_GUI.SERFileFilter
optics_dbScan,weka.clusterers.forOPTICSAndDBScan.OPTICS_GUI.GraphPanel
optics_dbScan,weka.clusterers.forOPTICSAndDBScan.Utils.EpsilonRange_ListElement
optics_dbScan,weka.clusterers.forOPTICSAndDBScan.Utils.UpdateQueueElement
optics_dbScan,weka.clusterers.forOPTICSAndDBScan.Utils.UpdateQueue
optics_dbScan,weka.clusterers.forOPTICSAndDBScan.Utils.PriorityQueue
optics_dbScan,weka.clusterers.forOPTICSAndDBScan.Utils.PriorityQueueElement
optics_dbScan,weka.clusterers.OPTICS
optics_dbScan,weka.clusterers.DBSCAN
kfGroovy,org.pentaho.dm.kf.GroovyComponentBeanInfo
kfGroovy,org.pentaho.dm.kf.GroovyComponentCustomizer
kfGroovy,org.pentaho.dm.kf.GroovyComponent
kfGroovy,org.pentaho.dm.kf.GroovyHelper
kfGroovy,org.pentaho.dm.kf.KFGroovyScript
kfGroovy,weka.knowledgeflow.steps.GroovyStep
kfGroovy,weka.gui.knowledgeflow.steps.GroovyStepEditorDialog
linearForwardSelection,weka.attributeSelection.LFSMethods
linearForwardSelection,weka.attributeSelection.LinearForwardSelection
linearForwardSelection,weka.attributeSelection.SubsetSizeForwardSelection
fastCorrBasedFS,weka.attributeSelection.FCBFSearch
fastCorrBasedFS,weka.attributeSelection.SymmetricalUncertAttributeSetEval
normalize,weka.filters.unsupervised.instance.Normalize
winnow,weka.classifiers.functions.Winnow
tabuAndScatterSearch,weka.attributeSelection.ScatterSearchV1
tabuAndScatterSearch,weka.attributeSelection.TabuSearch
prefuseGraph,weka.gui.visualize.plugins.PrefuseGraph
SMOTE,weka.filters.supervised.instance.SMOTE
decorate,weka.classifiers.meta.Decorate
cascadeKMeans,weka.clusterers.CascadeSimpleKMeans
prefuseGraphViewer,weka.knowledgeflow.steps.PrefuseGraphViewer
prefuseGraphViewer,weka.gui.beans.PrefuseGraphViewer
prefuseGraphViewer,weka.gui.beans.PrefuseGraphViewerBeanInfo
prefuseGraphViewer,weka.gui.knowledgeflow.steps.PrefuseGraphViewerInteractiveView
associationRulesVisualizer,rules.Attribute
associationRulesVisualizer,rules.RulesComparator
associationRulesVisualizer,rules.Rule
associationRulesVisualizer,rules.Critere
associationRulesVisualizer,rules.Cardinality
associationRulesVisualizer,rules.RulesFilter
associationRulesVisualizer,help.HelpFrame
associationRulesVisualizer,visu3.PanelDDecker
associationRulesVisualizer,sortedListPanel.SortedListPanel
associationRulesVisualizer,sortedListPanel.ComposedComparator
associationRulesVisualizer,sortedListPanel.ParameterComparatorFactory
associationRulesVisualizer,sortedListPanel.SortedListModel
associationRulesVisualizer,sortedListPanel.ParameterComparator
associationRulesVisualizer,sortedListPanel.Sorter
associationRulesVisualizer,sortedListPanel.SorterComboBoxModel
associationRulesVisualizer,sortedListPanel.BadClassException
associationRulesVisualizer,visu2.PanelLine
associationRulesVisualizer,selection.ToolTipRenderer
associationRulesVisualizer,selection.CriteriaSelectorPanel
associationRulesVisualizer,selection.MultipleListSelectionListener
associationRulesVisualizer,selection.DataPanel
associationRulesVisualizer,selection.RulesSelectionPanel
associationRulesVisualizer,selection.MultipleListSelectionEvent
associationRulesVisualizer,selection.SelectionPanel
associationRulesVisualizer,ARViewer
associationRulesVisualizer,weka.gui.visualize.plugins.ARulesViewer
associationRulesVisualizer,drawingTools.ColorArray
associationRulesVisualizer,rulesParser.RulesParser
associationRulesVisualizer,rulesParser.RulesHandler
associationRulesVisualizer,visu1.Panel3D
associationRulesVisualizer,ar.ARPanel
multilayerPerceptronCS,weka.classifiers.functions.MultilayerPerceptronCS
EMImputation,weka.filters.unsupervised.attribute.EMImputation
LibLINEAR,weka.classifiers.functions.LibLINEAR
scatterPlot3D,weka.gui.beans.KF3DPerspective
scatterPlot3D,weka.gui.knowledgeflow.KF3DPerspective
scatterPlot3D,weka.gui.explorer.Explorer3DPanel
scatterPlot3D,weka.gui.visualize.Visualize3D
scatterPlot3D,weka.gui.visualize.VisualizePanel3D
fuzzyUnorderedRuleInduction,weka.classifiers.rules.FURIA
snowball-stemmers,org.tartarus.snowball.ext.romanianStemmer
snowball-stemmers,org.tartarus.snowball.ext.dutchStemmer
snowball-stemmers,org.tartarus.snowball.ext.italianStemmer
snowball-stemmers,org.tartarus.snowball.ext.swedishStemmer
snowball-stemmers,org.tartarus.snowball.ext.portugueseStemmer
snowball-stemmers,org.tartarus.snowball.ext.spanishStemmer
snowball-stemmers,org.tartarus.snowball.ext.russianStemmer
snowball-stemmers,org.tartarus.snowball.ext.finnishStemmer
snowball-stemmers,org.tartarus.snowball.ext.englishStemmer
snowball-stemmers,org.tartarus.snowball.ext.turkishStemmer
snowball-stemmers,org.tartarus.snowball.ext.hungarianStemmer
snowball-stemmers,org.tartarus.snowball.ext.germanStemmer
snowball-stemmers,org.tartarus.snowball.ext.danishStemmer
snowball-stemmers,org.tartarus.snowball.ext.norwegianStemmer
snowball-stemmers,org.tartarus.snowball.ext.porterStemmer
snowball-stemmers,org.tartarus.snowball.ext.frenchStemmer
snowball-stemmers,org.tartarus.snowball.TestApp
snowball-stemmers,org.tartarus.snowball.SnowballProgram
snowball-stemmers,org.tartarus.snowball.SnowballStemmer
snowball-stemmers,org.tartarus.snowball.Among
naiveBayesTree,weka.classifiers.trees.NBTree
hyperPipes,weka.classifiers.misc.HyperPipes
racedIncrementalLogitBoost,weka.classifiers.meta.RacedIncrementalLogitBoost
SVMAttributeEval,weka.attributeSelection.SVMAttributeEval
leastMedSquared,weka.classifiers.functions.LeastMedSq
timeseriesForecasting,weka.classifiers.timeseries.HoltWinters
timeseriesForecasting,weka.classifiers.timeseries.TSForecaster
timeseriesForecasting,weka.classifiers.timeseries.eval.MAEModule
timeseriesForecasting,weka.classifiers.timeseries.eval.graph.JFreeChartDriver
timeseriesForecasting,weka.classifiers.timeseries.eval.graph.GraphDriver
timeseriesForecasting,weka.classifiers.timeseries.eval.RRSEModule
timeseriesForecasting,weka.classifiers.timeseries.eval.MSEModule
timeseriesForecasting,weka.classifiers.timeseries.eval.RMSEModule
timeseriesForecasting,weka.classifiers.timeseries.eval.TSEvalModule
timeseriesForecasting,weka.classifiers.timeseries.eval.DACModule
timeseriesForecasting,weka.classifiers.timeseries.eval.TSEvaluation
timeseriesForecasting,weka.classifiers.timeseries.eval.RAEModule
timeseriesForecasting,weka.classifiers.timeseries.eval.MAPEModule
timeseriesForecasting,weka.classifiers.timeseries.eval.ErrorModule
timeseriesForecasting,weka.classifiers.timeseries.gui.SimpleConfigPanel
timeseriesForecasting,weka.classifiers.timeseries.gui.AdvancedConfigPanel
timeseriesForecasting,weka.classifiers.timeseries.gui.ForecastingPanel
timeseriesForecasting,weka.classifiers.timeseries.gui.explorer.ExplorerTSPanel
timeseriesForecasting,weka.classifiers.timeseries.gui.CustomPeriodicEditor
timeseriesForecasting,weka.classifiers.timeseries.gui.CustomPeriodicTestEditor
timeseriesForecasting,weka.classifiers.timeseries.WekaForecaster
timeseriesForecasting,weka.classifiers.timeseries.AbstractForecaster
timeseriesForecasting,weka.classifiers.timeseries.core.ErrorBasedConfidenceIntervalEstimator
timeseriesForecasting,weka.classifiers.timeseries.core.StateDependentPredictor
timeseriesForecasting,weka.classifiers.timeseries.core.BaseModelSerializer
timeseriesForecasting,weka.classifiers.timeseries.core.TimeSeriesTranslate
timeseriesForecasting,weka.classifiers.timeseries.core.OverlayForecaster
timeseriesForecasting,weka.classifiers.timeseries.core.ConfidenceIntervalForecaster
timeseriesForecasting,weka.classifiers.timeseries.core.Utils
timeseriesForecasting,weka.classifiers.timeseries.core.CustomPeriodicTest
timeseriesForecasting,weka.classifiers.timeseries.core.IncrementallyPrimeable
timeseriesForecasting,weka.classifiers.timeseries.core.TSLagUser
timeseriesForecasting,weka.classifiers.timeseries.core.AbstractTimeSeriesFilter
timeseriesForecasting,weka.classifiers.timeseries.PrimingDataLearner
timeseriesForecasting,weka.knowledgeflow.steps.TimeSeriesForecasting
timeseriesForecasting,weka.filters.supervised.attribute.TSLagMaker
timeseriesForecasting,weka.gui.beans.TimeSeriesForecastingBeanInfo
timeseriesForecasting,weka.gui.beans.TimeSeriesForecastingKFPerspective
timeseriesForecasting,weka.gui.beans.TimeSeriesForecasting
timeseriesForecasting,weka.gui.beans.TimeSeriesForecastingCustomizer
timeseriesForecasting,weka.gui.knowledgeflow.steps.TimeSeriesForecastingStepEditorDialog
timeseriesForecasting,weka.gui.knowledgeflow.TimeSeriesPerspective
ensemblesOfNestedDichotomies,weka.classifiers.meta.nestedDichotomies.RandomPairND
ensemblesOfNestedDichotomies,weka.classifiers.meta.nestedDichotomies.DataNearBalancedND
ensemblesOfNestedDichotomies,weka.classifiers.meta.nestedDichotomies.ClassBalancedND
ensemblesOfNestedDichotomies,weka.classifiers.meta.nestedDichotomies.ND
ensemblesOfNestedDichotomies,weka.classifiers.meta.nestedDichotomies.FurthestCentroidND
ensemblesOfNestedDichotomies,weka.classifiers.meta.END
isolationForest,weka.classifiers.misc.IsolationForest
RPlugin,weka.classifiers.mlr.MLRClassifier
RPlugin,weka.classifiers.mlr.impl.MLRClassifierImpl
RPlugin,weka.knowledgeflow.steps.RScriptExecutor
RPlugin,weka.gui.beans.RScriptExecutor
RPlugin,weka.gui.beans.RScriptExecutorBeanInfo
RPlugin,weka.gui.beans.JavaGDPerspective
RPlugin,weka.gui.beans.RScriptExecutorCustomizer
RPlugin,weka.gui.beans.JavaGDConsolePanel
RPlugin,weka.gui.knowledgeflow.RConsolePerspective
RPlugin,weka.gui.knowledgeflow.steps.RScriptExecutorStepEditorDialog
RPlugin,weka.gui.explorer.ExplorerRConsolePanel
RPlugin,weka.core.JavaGDNotifier
RPlugin,weka.core.JRINativeLoader
RPlugin,weka.core.RniIdle
RPlugin,weka.core.JRILoader
RPlugin,weka.core.JavaGDListener
RPlugin,weka.core.SetEnvironmentVariables
RPlugin,weka.core.JavaGDOffscreenRenderer
RPlugin,weka.core.RSessionAPI
RPlugin,weka.core.WekaJavaGD
RPlugin,weka.core.RLoggerAPI
RPlugin,weka.core.RSessionException
RPlugin,weka.core.RSessionImpl
RPlugin,weka.core.RUtils
RPlugin,weka.core.REngineStartup
RPlugin,weka.core.RSession
wekaPython,weka.classifiers.sklearn.ScikitLearnClassifier
wekaPython,weka.knowledgeflow.steps.PythonScriptExecutor
wekaPython,weka.gui.PythonPanel
wekaPython,weka.gui.knowledgeflow.steps.PythonScriptExecutorStepEditorDialog
wekaPython,weka.gui.knowledgeflow.PythonPerspective
wekaPython,weka.gui.explorer.PythonExplorerPanel
wekaPython,weka.clusterers.ScikitLearnClusterer
wekaPython,weka.python.SessionMutex
wekaPython,weka.python.PythonSession
wekaPython,weka.python.ServerUtils
alternatingModelTrees,weka.classifiers.trees.AlternatingModelTree
calibrationCurve,weka.knowledgeflow.steps.CalibrationCurveGenerator
calibrationCurve,weka.gui.visualize.plugins.CalibrationCurve
calibrationCurve,weka.gui.visualize.plugins.CalibrationCurveUtils
scriptingClassifiers,weka.classifiers.scripting.JythonClassifier
scriptingClassifiers,weka.classifiers.scripting.GroovyClassifier
userClassifier,weka.classifiers.trees.UserClassifier
wekaServer,weka.server.GetScheduleServlet
wekaServer,weka.server.SetTaskStatusServlet
wekaServer,weka.server.knowledgeFlow.ScheduledNamedKnowledgeFlowTask
wekaServer,weka.server.knowledgeFlow.legacy.LegacyUnscheduledNamedKFTask
wekaServer,weka.server.knowledgeFlow.legacy.LegacyScheduledNamedKFTask
wekaServer,weka.server.knowledgeFlow.legacy.FlowRunnerRemote
wekaServer,weka.server.knowledgeFlow.UnscheduledNamedKnowledgeFlowTask
wekaServer,weka.server.knowledgeFlow.FlowRunnerRemote
wekaServer,weka.server.Schedule
wekaServer,weka.server.GetTaskListServlet
wekaServer,weka.server.SetLastExecutionServlet
wekaServer,weka.server.NamedTask
wekaServer,weka.server.WekaTaskMap
wekaServer,weka.server.Legacy
wekaServer,weka.server.GetTaskResultServlet
wekaServer,weka.server.AddSlaveServlet
wekaServer,weka.server.ExecuteTaskServlet
wekaServer,weka.server.logging.ServerLogger
wekaServer,weka.server.WekaServer
wekaServer,weka.server.Scheduled
wekaServer,weka.server.RootServlet
wekaServer,weka.server.JSONProtocol
wekaServer,weka.server.PurgeTaskServlet
wekaServer,weka.server.GetTaskStatusServlet
wekaServer,weka.server.GetServerLoadServlet
wekaServer,weka.server.WekaServlet
wekaServer,weka.gui.beans.KnowledgeFlowRemoteSchedulerPerspective
wekaServer,weka.gui.HostPanel
wekaServer,weka.gui.knowledgeflow.KnowledgeFlowRemotePerspective
wekaServer,weka.gui.explorer.HostPanel
wekaServer,weka.gui.explorer.ClassifierPanelRemoteLauncher
wekaServer,weka.gui.ParameterPanel
wekaServer,weka.gui.SchedulePanel
distributedWekaSpark3Dev,distributed.spark.BaseSparkJobConfig
distributedWekaSpark3Dev,distributed.spark.SparkJobConfigBeanInfo
distributedWekaSpark3Dev,distributed.spark.SparkJobConfig
distributedWekaSpark3Dev,weka.classifiers.mllib.MLlibGradientBoostedTrees
distributedWekaSpark3Dev,weka.classifiers.mllib.MLlibNaiveBayes
distributedWekaSpark3Dev,weka.classifiers.mllib.MLlibLinearRegressionSGD
distributedWekaSpark3Dev,weka.classifiers.mllib.MLlibSVM
distributedWekaSpark3Dev,weka.classifiers.mllib.MLlibDecisionTree
distributedWekaSpark3Dev,weka.classifiers.mllib.MLlibRandomForest
distributedWekaSpark3Dev,weka.classifiers.mllib.MLlibClassifier
distributedWekaSpark3Dev,weka.classifiers.mllib.MLlibSparkContextManager
distributedWekaSpark3Dev,weka.classifiers.mllib.WekaClassifierSparkJobWrapper
distributedWekaSpark3Dev,weka.classifiers.mllib.MLlibLogistic
distributedWekaSpark3Dev,weka.distributed.spark.AvroDataSource
distributedWekaSpark3Dev,weka.distributed.spark.CachingStrategy
distributedWekaSpark3Dev,weka.distributed.spark.RandomizedDataSparkJob
distributedWekaSpark3Dev,weka.distributed.spark.EMClustererSparkJob
distributedWekaSpark3Dev,weka.distributed.spark.SparkJobBeanInfo
distributedWekaSpark3Dev,weka.distributed.spark.DataSource
distributedWekaSpark3Dev,weka.distributed.spark.CSVDataSource
distributedWekaSpark3Dev,weka.distributed.spark.IntegerKeyPartitioner
distributedWekaSpark3Dev,weka.distributed.spark.ParquetDataSource
distributedWekaSpark3Dev,weka.distributed.spark.SparkJob
distributedWekaSpark3Dev,weka.distributed.spark.CSVDataSink
distributedWekaSpark3Dev,weka.distributed.spark.RandomizedDataSparkJobBeanInfo
distributedWekaSpark3Dev,weka.distributed.spark.CSVToInstancePairFlatMapFunction
distributedWekaSpark3Dev,weka.distributed.spark.RowToInstanceFlatMapFunction
distributedWekaSpark3Dev,weka.distributed.spark.FileDataSource
distributedWekaSpark3Dev,weka.distributed.spark.CSVToInstanceFlatMapFunction
distributedWekaSpark3Dev,weka.distributed.spark.WekaScoringSparkJob
distributedWekaSpark3Dev,weka.distributed.spark.KMeansClustererSparkJob
distributedWekaSpark3Dev,weka.distributed.spark.WekaClassifierSparkJob
distributedWekaSpark3Dev,weka.distributed.spark.FileDataSink
distributedWekaSpark3Dev,weka.distributed.spark.AbstractDataset
distributedWekaSpark3Dev,weka.distributed.spark.ArffHeaderSparkJobBeanInfo
distributedWekaSpark3Dev,weka.distributed.spark.CorrelationMatrixSparkJob
distributedWekaSpark3Dev,weka.distributed.spark.CanopyClustererSparkJob
distributedWekaSpark3Dev,weka.distributed.spark.MLlibClassifierSparkJob
distributedWekaSpark3Dev,weka.distributed.spark.ParquetDataSink
distributedWekaSpark3Dev,weka.distributed.spark.KMeansClustererSparkJobBeanInfo
distributedWekaSpark3Dev,weka.distributed.spark.WekaClassifierEvaluationSparkJobBeanInfo
distributedWekaSpark3Dev,weka.distributed.spark.mllib.util.MLlibDatasetMaker
distributedWekaSpark3Dev,weka.distributed.spark.MLlibClassifierEvaluationSparkJob
distributedWekaSpark3Dev,weka.distributed.spark.WDDataset
distributedWekaSpark3Dev,weka.distributed.spark.AvroDataSink
distributedWekaSpark3Dev,weka.distributed.spark.WekaClassifierSparkJobBeanInfo
distributedWekaSpark3Dev,weka.distributed.spark.DataSink
distributedWekaSpark3Dev,weka.distributed.spark.ArffHeaderSparkJob
distributedWekaSpark3Dev,weka.distributed.spark.DatasetManager
distributedWekaSpark3Dev,weka.distributed.spark.WekaScoringSparkJobBeanInfo
distributedWekaSpark3Dev,weka.distributed.spark.CorrelationMatrixSparkJobBeanInfo
distributedWekaSpark3Dev,weka.distributed.spark.WekaClassifierEvaluationSparkJob
distributedWekaSpark3Dev,weka.distributed.spark.SparkUtils
distributedWekaSpark3Dev,weka.knowledgeflow.steps.AbstractSparkJob
distributedWekaSpark3Dev,weka.knowledgeflow.steps.AvroDataSource
distributedWekaSpark3Dev,weka.knowledgeflow.steps.RandomizedDataSparkJob
distributedWekaSpark3Dev,weka.knowledgeflow.steps.CSVDataSource
distributedWekaSpark3Dev,weka.knowledgeflow.steps.ParquetDataSource
distributedWekaSpark3Dev,weka.knowledgeflow.steps.AbstractDataSink
distributedWekaSpark3Dev,weka.knowledgeflow.steps.CSVDataSink
distributedWekaSpark3Dev,weka.knowledgeflow.steps.WekaScoringSparkJob
distributedWekaSpark3Dev,weka.knowledgeflow.steps.KMeansClustererSparkJob
distributedWekaSpark3Dev,weka.knowledgeflow.steps.AbstractDataSource
distributedWekaSpark3Dev,weka.knowledgeflow.steps.WekaClassifierSparkJob
distributedWekaSpark3Dev,weka.knowledgeflow.steps.CorrelationMatrixSparkJob
distributedWekaSpark3Dev,weka.knowledgeflow.steps.MLlibClassifierSparkJob
distributedWekaSpark3Dev,weka.knowledgeflow.steps.ParquetDataSink
distributedWekaSpark3Dev,weka.knowledgeflow.steps.MLlibClassifierEvaluationSparkJob
distributedWekaSpark3Dev,weka.knowledgeflow.steps.AvroDataSink
distributedWekaSpark3Dev,weka.knowledgeflow.steps.WekaScoringSparkStep
distributedWekaSpark3Dev,weka.knowledgeflow.steps.ArffHeaderSparkJob
distributedWekaSpark3Dev,weka.knowledgeflow.steps.WekaClassifierEvaluationSparkJob
distributedWekaSpark3Dev,weka.filters.unsupervised.attribute.SubstringReplacer
distributedWekaSpark3Dev,weka.filters.unsupervised.attribute.SubstringLabelerBeanInfo
distributedWekaSpark3Dev,weka.filters.unsupervised.attribute.SubstringLabeler
distributedWekaSpark3Dev,weka.filters.unsupervised.attribute.SubstringReplacerBeanInfo
distributedWekaSpark3Dev,weka.gui.beans.SubstringLabelerFilterCustomizer
distributedWekaSpark3Dev,weka.gui.beans.SubstringReplacerFilterCustomizer
distributedWekaSpark3Dev,weka.gui.knowledgeflow.steps.SparkDataSinkStepEditorDialog
distributedWekaSpark3Dev,weka.gui.knowledgeflow.steps.SparkDataSourceStepEditorDialog
distributedWekaSpark3Dev,weka.gui.knowledgeflow.steps.SparkJobStepEditorDialog
distributedWekaSpark3Dev,weka.gui.knowledgeflow.HiddenPropertyMLlibJobStepEditorDialog
distributedWekaSpark3Dev,weka.gui.PropertyHidableSheetPanel
kerasZoo,weka.classifiers.keras.KerasZooClassifier
iterativeAbsoluteErrorRegression,weka.classifiers.meta.IterativeAbsoluteErrorRegression
dagging,weka.classifiers.meta.Dagging
complementNaiveBayes,weka.classifiers.bayes.ComplementNaiveBayes
dualPerturbAndCombine,weka.classifiers.trees.DPCTree
DTNB,weka.classifiers.rules.DTNB
discriminantAnalysis,weka.classifiers.functions.LDA
discriminantAnalysis,weka.classifiers.functions.QDA
discriminantAnalysis,weka.classifiers.functions.FLDA
discriminantAnalysis,weka.filters.supervised.attribute.MultiClassFLDA
largeScaleKernelLearning,weka.classifiers.functions.XNV
largeScaleKernelLearning,weka.filters.unsupervised.attribute.Nystroem
RBFNetwork,weka.classifiers.functions.RBFModel
RBFNetwork,weka.classifiers.functions.RBFClassifier
RBFNetwork,weka.classifiers.functions.RBFNetwork
RBFNetwork,weka.classifiers.functions.RBFRegressor
classificationViaClustering,weka.classifiers.meta.ClassificationViaClustering
sequentialInformationalBottleneckClusterer,weka.clusterers.sIB
massiveOnlineAnalysis,weka.classifiers.meta.MOA
massiveOnlineAnalysis,weka.gui.MOAClassOptionEditor
massiveOnlineAnalysis,weka.core.MOAUtils
massiveOnlineAnalysis,weka.datagenerators.classifiers.classification.MOA
gridSearch,weka.classifiers.meta.GridSearch
consistencySubsetEval,weka.attributeSelection.ConsistencySubsetEval
grading,weka.classifiers.meta.Grading
raceSearch,weka.attributeSelection.RaceSearch
thresholdSelector,weka.classifiers.meta.ThresholdSelector
multiBoostAB,weka.classifiers.meta.MultiBoostAB
filteredAttributeSelection,weka.attributeSelection.FilteredAttributeEval
filteredAttributeSelection,weka.attributeSelection.FilteredSubsetEval
extraTrees,weka.classifiers.trees.ExtraTree
conjunctiveRule,weka.classifiers.rules.ConjunctiveRule
bestFirstTree,weka.classifiers.trees.BFTree
predictiveApriori,weka.associations.PredictiveApriori
predictiveApriori,weka.associations.RuleItem
predictiveApriori,weka.associations.RuleGeneration
predictiveApriori,weka.associations.CaRuleGeneration
predictiveApriori,weka.associations.PriorEstimation
metaCost,weka.classifiers.meta.MetaCost
multiLayerPerceptrons,weka.classifiers.functions.MLPRegressor
multiLayerPerceptrons,weka.classifiers.functions.MLPModel
multiLayerPerceptrons,weka.classifiers.functions.activation.ActivationFunction
multiLayerPerceptrons,weka.classifiers.functions.activation.ApproximateSigmoid
multiLayerPerceptrons,weka.classifiers.functions.activation.Softplus
multiLayerPerceptrons,weka.classifiers.functions.activation.Sigmoid
multiLayerPerceptrons,weka.classifiers.functions.MLPClassifier
multiLayerPerceptrons,weka.classifiers.functions.loss.SquaredError
multiLayerPerceptrons,weka.classifiers.functions.loss.ApproximateAbsoluteError
multiLayerPerceptrons,weka.classifiers.functions.loss.LossFunction
multiLayerPerceptrons,weka.filters.unsupervised.attribute.MLPAutoencoder
localOutlierFactor,weka.classifiers.misc.LOF
localOutlierFactor,weka.filters.unsupervised.attribute.LOF
niftiLoader,weka.core.converters.NIfTIDirectoryLoader
niftiLoader,weka.core.converters.NIfTIFileLoader
niftiLoader,weka.core.converters.nifti.EndianCorrectOutputStream
niftiLoader,weka.core.converters.nifti.Nifti1Dataset
niftiLoader,weka.core.converters.nifti.EndianCorrectInputStream
WekaExcel,weka.core.converters.ExcelSaver
WekaExcel,weka.core.converters.ExcelLoader
distributedWekaSparkDev,distributed.spark.BaseSparkJobConfig
distributedWekaSparkDev,distributed.spark.SparkJobConfigBeanInfo
distributedWekaSparkDev,distributed.spark.SparkJobConfig
distributedWekaSparkDev,weka.classifiers.mllib.MLlibGradientBoostedTrees
distributedWekaSparkDev,weka.classifiers.mllib.MLlibNaiveBayes
distributedWekaSparkDev,weka.classifiers.mllib.MLlibLinearRegressionSGD
distributedWekaSparkDev,weka.classifiers.mllib.MLlibSVM
distributedWekaSparkDev,weka.classifiers.mllib.MLlibDecisionTree
distributedWekaSparkDev,weka.classifiers.mllib.MLlibRandomForest
distributedWekaSparkDev,weka.classifiers.mllib.MLlibClassifier
distributedWekaSparkDev,weka.classifiers.mllib.MLlibSparkContextManager
distributedWekaSparkDev,weka.classifiers.mllib.WekaClassifierSparkJobWrapper
distributedWekaSparkDev,weka.classifiers.mllib.MLlibLogistic
distributedWekaSparkDev,weka.distributed.spark.AvroDataSource
distributedWekaSparkDev,weka.distributed.spark.CachingStrategy
distributedWekaSparkDev,weka.distributed.spark.RandomizedDataSparkJob
distributedWekaSparkDev,weka.distributed.spark.SparkJobBeanInfo
distributedWekaSparkDev,weka.distributed.spark.Dataset
distributedWekaSparkDev,weka.distributed.spark.DataSource
distributedWekaSparkDev,weka.distributed.spark.CSVDataSource
distributedWekaSparkDev,weka.distributed.spark.IntegerKeyPartitioner
distributedWekaSparkDev,weka.distributed.spark.ParquetDataSource
distributedWekaSparkDev,weka.distributed.spark.SparkJob
distributedWekaSparkDev,weka.distributed.spark.CSVDataSink
distributedWekaSparkDev,weka.distributed.spark.RandomizedDataSparkJobBeanInfo
distributedWekaSparkDev,weka.distributed.spark.CSVToInstancePairFlatMapFunction
distributedWekaSparkDev,weka.distributed.spark.RowToInstanceFlatMapFunction
distributedWekaSparkDev,weka.distributed.spark.FileDataSource
distributedWekaSparkDev,weka.distributed.spark.CSVToInstanceFlatMapFunction
distributedWekaSparkDev,weka.distributed.spark.WekaScoringSparkJob
distributedWekaSparkDev,weka.distributed.spark.KMeansClustererSparkJob
distributedWekaSparkDev,weka.distributed.spark.WekaClassifierSparkJob
distributedWekaSparkDev,weka.distributed.spark.FileDataSink
distributedWekaSparkDev,weka.distributed.spark.AbstractDataset
distributedWekaSparkDev,weka.distributed.spark.ArffHeaderSparkJobBeanInfo
distributedWekaSparkDev,weka.distributed.spark.CorrelationMatrixSparkJob
distributedWekaSparkDev,weka.distributed.spark.CanopyClustererSparkJob
distributedWekaSparkDev,weka.distributed.spark.MLlibClassifierSparkJob
distributedWekaSparkDev,weka.distributed.spark.ParquetDataSink
distributedWekaSparkDev,weka.distributed.spark.KMeansClustererSparkJobBeanInfo
distributedWekaSparkDev,weka.distributed.spark.WekaClassifierEvaluationSparkJobBeanInfo
distributedWekaSparkDev,weka.distributed.spark.mllib.util.MLlibDatasetMaker
distributedWekaSparkDev,weka.distributed.spark.MLlibClassifierEvaluationSparkJob
distributedWekaSparkDev,weka.distributed.spark.AvroDataSink
distributedWekaSparkDev,weka.distributed.spark.WekaClassifierSparkJobBeanInfo
distributedWekaSparkDev,weka.distributed.spark.DataSink
distributedWekaSparkDev,weka.distributed.spark.ArffHeaderSparkJob
distributedWekaSparkDev,weka.distributed.spark.DatasetManager
distributedWekaSparkDev,weka.distributed.spark.WekaScoringSparkJobBeanInfo
distributedWekaSparkDev,weka.distributed.spark.CorrelationMatrixSparkJobBeanInfo
distributedWekaSparkDev,weka.distributed.spark.WekaClassifierEvaluationSparkJob
distributedWekaSparkDev,weka.distributed.spark.SparkUtils
distributedWekaSparkDev,weka.knowledgeflow.steps.AbstractSparkJob
distributedWekaSparkDev,weka.knowledgeflow.steps.AvroDataSource
distributedWekaSparkDev,weka.knowledgeflow.steps.RandomizedDataSparkJob
distributedWekaSparkDev,weka.knowledgeflow.steps.CSVDataSource
distributedWekaSparkDev,weka.knowledgeflow.steps.ParquetDataSource
distributedWekaSparkDev,weka.knowledgeflow.steps.AbstractDataSink
distributedWekaSparkDev,weka.knowledgeflow.steps.CSVDataSink
distributedWekaSparkDev,weka.knowledgeflow.steps.WekaScoringSparkJob
distributedWekaSparkDev,weka.knowledgeflow.steps.KMeansClustererSparkJob
distributedWekaSparkDev,weka.knowledgeflow.steps.AbstractDataSource
distributedWekaSparkDev,weka.knowledgeflow.steps.WekaClassifierSparkJob
distributedWekaSparkDev,weka.knowledgeflow.steps.CorrelationMatrixSparkJob
distributedWekaSparkDev,weka.knowledgeflow.steps.MLlibClassifierSparkJob
distributedWekaSparkDev,weka.knowledgeflow.steps.ParquetDataSink
distributedWekaSparkDev,weka.knowledgeflow.steps.MLlibClassifierEvaluationSparkJob
distributedWekaSparkDev,weka.knowledgeflow.steps.AvroDataSink
distributedWekaSparkDev,weka.knowledgeflow.steps.WekaScoringSparkStep
distributedWekaSparkDev,weka.knowledgeflow.steps.ArffHeaderSparkJob
distributedWekaSparkDev,weka.knowledgeflow.steps.WekaClassifierEvaluationSparkJob
distributedWekaSparkDev,weka.filters.unsupervised.attribute.SubstringReplacer
distributedWekaSparkDev,weka.filters.unsupervised.attribute.SubstringLabelerBeanInfo
distributedWekaSparkDev,weka.filters.unsupervised.attribute.SubstringLabeler
distributedWekaSparkDev,weka.filters.unsupervised.attribute.SubstringReplacerBeanInfo
distributedWekaSparkDev,weka.gui.beans.SubstringLabelerFilterCustomizer
distributedWekaSparkDev,weka.gui.beans.SubstringReplacerFilterCustomizer
distributedWekaSparkDev,weka.gui.knowledgeflow.steps.SparkDataSinkStepEditorDialog
distributedWekaSparkDev,weka.gui.knowledgeflow.steps.SparkDataSourceStepEditorDialog
distributedWekaSparkDev,weka.gui.knowledgeflow.steps.SparkJobStepEditorDialog
distributedWekaSparkDev,weka.gui.knowledgeflow.HiddenPropertyMLlibJobStepEditorDialog
distributedWekaSparkDev,weka.gui.PropertyHidableSheetPanel
wavelet,weka.filters.unsupervised.attribute.Wavelet
clojureClassifier,weka.classifiers.clojure.ClojureClassifier
fourierTransform,weka.filters.unsupervised.instance.FourierTransform
fourierTransform,weka.filters.unsupervised.attribute.FourierTransform
streamingUnivariateStats,weka.knowledgeflow.steps.StreamingUnivariateStats
ridor,weka.classifiers.rules.Ridor
XMeans,weka.clusterers.XMeans
WekaODF,weka.core.converters.ODFSaver
WekaODF,weka.core.converters.ODFLoader
votingFeatureIntervals,weka.classifiers.misc.VFI
logarithmicErrorMetrics,weka.classifiers.evaluation.MeanAbsoluteLogarithmicError
logarithmicErrorMetrics,weka.classifiers.evaluation.RootMeanSquareLogarithmicError
distributedWekaSpark2Dev,distributed.spark.BaseSparkJobConfig
distributedWekaSpark2Dev,distributed.spark.SparkJobConfigBeanInfo
distributedWekaSpark2Dev,distributed.spark.SparkJobConfig
distributedWekaSpark2Dev,weka.classifiers.mllib.MLlibGradientBoostedTrees
distributedWekaSpark2Dev,weka.classifiers.mllib.MLlibNaiveBayes
distributedWekaSpark2Dev,weka.classifiers.mllib.MLlibLinearRegressionSGD
distributedWekaSpark2Dev,weka.classifiers.mllib.MLlibSVM
distributedWekaSpark2Dev,weka.classifiers.mllib.MLlibDecisionTree
distributedWekaSpark2Dev,weka.classifiers.mllib.MLlibRandomForest
distributedWekaSpark2Dev,weka.classifiers.mllib.MLlibClassifier
distributedWekaSpark2Dev,weka.classifiers.mllib.MLlibSparkContextManager
distributedWekaSpark2Dev,weka.classifiers.mllib.WekaClassifierSparkJobWrapper
distributedWekaSpark2Dev,weka.classifiers.mllib.MLlibLogistic
distributedWekaSpark2Dev,weka.distributed.spark.AvroDataSource
distributedWekaSpark2Dev,weka.distributed.spark.CachingStrategy
distributedWekaSpark2Dev,weka.distributed.spark.RandomizedDataSparkJob
distributedWekaSpark2Dev,weka.distributed.spark.SparkJobBeanInfo
distributedWekaSpark2Dev,weka.distributed.spark.DataSource
distributedWekaSpark2Dev,weka.distributed.spark.CSVDataSource
distributedWekaSpark2Dev,weka.distributed.spark.IntegerKeyPartitioner
distributedWekaSpark2Dev,weka.distributed.spark.ParquetDataSource
distributedWekaSpark2Dev,weka.distributed.spark.SparkJob
distributedWekaSpark2Dev,weka.distributed.spark.CSVDataSink
distributedWekaSpark2Dev,weka.distributed.spark.RandomizedDataSparkJobBeanInfo
distributedWekaSpark2Dev,weka.distributed.spark.CSVToInstancePairFlatMapFunction
distributedWekaSpark2Dev,weka.distributed.spark.RowToInstanceFlatMapFunction
distributedWekaSpark2Dev,weka.distributed.spark.FileDataSource
distributedWekaSpark2Dev,weka.distributed.spark.CSVToInstanceFlatMapFunction
distributedWekaSpark2Dev,weka.distributed.spark.WekaScoringSparkJob
distributedWekaSpark2Dev,weka.distributed.spark.KMeansClustererSparkJob
distributedWekaSpark2Dev,weka.distributed.spark.WekaClassifierSparkJob
distributedWekaSpark2Dev,weka.distributed.spark.FileDataSink
distributedWekaSpark2Dev,weka.distributed.spark.AbstractDataset
distributedWekaSpark2Dev,weka.distributed.spark.ArffHeaderSparkJobBeanInfo
distributedWekaSpark2Dev,weka.distributed.spark.CorrelationMatrixSparkJob
distributedWekaSpark2Dev,weka.distributed.spark.CanopyClustererSparkJob
distributedWekaSpark2Dev,weka.distributed.spark.MLlibClassifierSparkJob
distributedWekaSpark2Dev,weka.distributed.spark.ParquetDataSink
distributedWekaSpark2Dev,weka.distributed.spark.KMeansClustererSparkJobBeanInfo
distributedWekaSpark2Dev,weka.distributed.spark.WekaClassifierEvaluationSparkJobBeanInfo
distributedWekaSpark2Dev,weka.distributed.spark.mllib.util.MLlibDatasetMaker
distributedWekaSpark2Dev,weka.distributed.spark.MLlibClassifierEvaluationSparkJob
distributedWekaSpark2Dev,weka.distributed.spark.WDDataset
distributedWekaSpark2Dev,weka.distributed.spark.AvroDataSink
distributedWekaSpark2Dev,weka.distributed.spark.WekaClassifierSparkJobBeanInfo
distributedWekaSpark2Dev,weka.distributed.spark.DataSink
distributedWekaSpark2Dev,weka.distributed.spark.ArffHeaderSparkJob
distributedWekaSpark2Dev,weka.distributed.spark.DatasetManager
distributedWekaSpark2Dev,weka.distributed.spark.WekaScoringSparkJobBeanInfo
distributedWekaSpark2Dev,weka.distributed.spark.CorrelationMatrixSparkJobBeanInfo
distributedWekaSpark2Dev,weka.distributed.spark.WekaClassifierEvaluationSparkJob
distributedWekaSpark2Dev,weka.distributed.spark.SparkUtils
distributedWekaSpark2Dev,weka.knowledgeflow.steps.AbstractSparkJob
distributedWekaSpark2Dev,weka.knowledgeflow.steps.AvroDataSource
distributedWekaSpark2Dev,weka.knowledgeflow.steps.RandomizedDataSparkJob
distributedWekaSpark2Dev,weka.knowledgeflow.steps.CSVDataSource
distributedWekaSpark2Dev,weka.knowledgeflow.steps.ParquetDataSource
distributedWekaSpark2Dev,weka.knowledgeflow.steps.AbstractDataSink
distributedWekaSpark2Dev,weka.knowledgeflow.steps.CSVDataSink
distributedWekaSpark2Dev,weka.knowledgeflow.steps.WekaScoringSparkJob
distributedWekaSpark2Dev,weka.knowledgeflow.steps.KMeansClustererSparkJob
distributedWekaSpark2Dev,weka.knowledgeflow.steps.AbstractDataSource
distributedWekaSpark2Dev,weka.knowledgeflow.steps.WekaClassifierSparkJob
distributedWekaSpark2Dev,weka.knowledgeflow.steps.CorrelationMatrixSparkJob
distributedWekaSpark2Dev,weka.knowledgeflow.steps.MLlibClassifierSparkJob
distributedWekaSpark2Dev,weka.knowledgeflow.steps.ParquetDataSink
distributedWekaSpark2Dev,weka.knowledgeflow.steps.MLlibClassifierEvaluationSparkJob
distributedWekaSpark2Dev,weka.knowledgeflow.steps.AvroDataSink
distributedWekaSpark2Dev,weka.knowledgeflow.steps.WekaScoringSparkStep
distributedWekaSpark2Dev,weka.knowledgeflow.steps.ArffHeaderSparkJob
distributedWekaSpark2Dev,weka.knowledgeflow.steps.WekaClassifierEvaluationSparkJob
distributedWekaSpark2Dev,weka.filters.unsupervised.attribute.SubstringReplacer
distributedWekaSpark2Dev,weka.filters.unsupervised.attribute.SubstringLabelerBeanInfo
distributedWekaSpark2Dev,weka.filters.unsupervised.attribute.SubstringLabeler
distributedWekaSpark2Dev,weka.filters.unsupervised.attribute.SubstringReplacerBeanInfo
distributedWekaSpark2Dev,weka.gui.beans.SubstringLabelerFilterCustomizer
distributedWekaSpark2Dev,weka.gui.beans.SubstringReplacerFilterCustomizer
distributedWekaSpark2Dev,weka.gui.knowledgeflow.steps.SparkDataSinkStepEditorDialog
distributedWekaSpark2Dev,weka.gui.knowledgeflow.steps.SparkDataSourceStepEditorDialog
distributedWekaSpark2Dev,weka.gui.knowledgeflow.steps.SparkJobStepEditorDialog
distributedWekaSpark2Dev,weka.gui.knowledgeflow.HiddenPropertyMLlibJobStepEditorDialog
distributedWekaSpark2Dev,weka.gui.PropertyHidableSheetPanel
simpleCART,weka.classifiers.trees.SimpleCart
newKnowledgeFlowStepExamples,weka.knowledgeflow.steps.StatsCalculator
newKnowledgeFlowStepExamples,weka.knowledgeflow.steps.ExampleClassifier
newKnowledgeFlowStepExamples,weka.knowledgeflow.steps.RoundRobin
attributeSelectionSearchMethods,weka.attributeSelection.GeneticSearch
attributeSelectionSearchMethods,weka.attributeSelection.RandomSearch
attributeSelectionSearchMethods,weka.attributeSelection.ExhaustiveSearch
attributeSelectionSearchMethods,weka.attributeSelection.RankSearch
javaFXScatter3D,weka.gui.knowledgeflow.KF3DPerspective
javaFXScatter3D,weka.gui.explorer.Explorer3DPanel
javaFXScatter3D,weka.gui.visualize.Visualize3D
javaFXScatter3D,weka.gui.visualize.ScatterScene3D
javaFXScatter3D,weka.gui.visualize.Xform
multiInstanceFilters,weka.filters.unsupervised.attribute.MultiInstanceToPropositional
multiInstanceFilters,weka.filters.unsupervised.attribute.MILESFilter
multiInstanceFilters,weka.filters.unsupervised.attribute.MultiInstanceWrapper
multiInstanceFilters,weka.filters.unsupervised.attribute.RELAGGS
multiInstanceFilters,weka.filters.unsupervised.attribute.PropositionalToMultiInstance
isotonicRegression,weka.classifiers.functions.IsotonicRegression
realAdaBoost,weka.classifiers.meta.RealAdaBoost
costSensitiveAttributeSelection,weka.attributeSelection.CostSensitiveAttributeEval
costSensitiveAttributeSelection,weka.attributeSelection.CostSensitiveASEvaluation
costSensitiveAttributeSelection,weka.attributeSelection.CostSensitiveSubsetEval
alternatingDecisionTrees,weka.classifiers.trees.ADTree
alternatingDecisionTrees,weka.classifiers.trees.LADTree
alternatingDecisionTrees,weka.classifiers.trees.adtree.TwoWayNominalSplit
alternatingDecisionTrees,weka.classifiers.trees.adtree.Splitter
alternatingDecisionTrees,weka.classifiers.trees.adtree.ReferenceInstances
alternatingDecisionTrees,weka.classifiers.trees.adtree.TwoWayNumericSplit
alternatingDecisionTrees,weka.classifiers.trees.adtree.PredictionNode
supervisedAttributeScaling,weka.classifiers.functions.NonNegativeLogisticRegression
supervisedAttributeScaling,weka.filters.supervised.attribute.SupervisedAttributeScaler
oneClassClassifier,weka.classifiers.meta.generators.Mean
oneClassClassifier,weka.classifiers.meta.generators.DiscreteGenerator
oneClassClassifier,weka.classifiers.meta.generators.UniformDataGenerator
oneClassClassifier,weka.classifiers.meta.generators.NumericAttributeGenerator
oneClassClassifier,weka.classifiers.meta.generators.InstanceHandler
oneClassClassifier,weka.classifiers.meta.generators.Ranged
oneClassClassifier,weka.classifiers.meta.generators.Generator
oneClassClassifier,weka.classifiers.meta.generators.EMGenerator
oneClassClassifier,weka.classifiers.meta.generators.RandomizableDistributionGenerator
oneClassClassifier,weka.classifiers.meta.generators.NominalGenerator
oneClassClassifier,weka.classifiers.meta.generators.RandomizableGenerator
oneClassClassifier,weka.classifiers.meta.generators.GaussianGenerator
oneClassClassifier,weka.classifiers.meta.generators.DiscreteUniformGenerator
oneClassClassifier,weka.classifiers.meta.generators.NominalAttributeGenerator
oneClassClassifier,weka.classifiers.meta.generators.MixedGaussianGenerator
oneClassClassifier,weka.classifiers.meta.generators.RandomizableRangedGenerator
oneClassClassifier,weka.classifiers.meta.OneClassClassifier
ordinalClassClassifier,weka.classifiers.meta.OrdinalClassClassifier
distributedWekaBase,distributed.core.DistributedJob
distributedWekaBase,distributed.core.DistributedUtils
distributedWekaBase,distributed.core.DistributedJobConfig
distributedWekaBase,org.tc33.jheatchart.HeatChart
distributedWekaBase,weka.classifiers.UpdateableBatchProcessor
distributedWekaBase,weka.classifiers.evaluation.AggregateableEvaluationWithPriors
distributedWekaBase,weka.classifiers.meta.AggregateableFilteredClassifier
distributedWekaBase,weka.classifiers.meta.BatchPredictorVote
distributedWekaBase,weka.classifiers.meta.FilteredClassifierUpdateable
distributedWekaBase,weka.classifiers.meta.AggregateableFilteredClassifierUpdateable
distributedWekaBase,weka.distributed.WekaClassifierMapTask
distributedWekaBase,weka.distributed.CSVToARFFHeaderReduceTask
distributedWekaBase,weka.distributed.KMeansMapTaskBeanInfo
distributedWekaBase,weka.distributed.CorrelationMatrixRowReduceTask
distributedWekaBase,weka.distributed.WekaClassifierEvaluationMapTask
distributedWekaBase,weka.distributed.KMeansMapTask
distributedWekaBase,weka.distributed.DistributedWekaException
distributedWekaBase,weka.distributed.KMeansReduceTask
distributedWekaBase,weka.distributed.CSVToARFFHeaderMapTask
distributedWekaBase,weka.distributed.WekaClassifierMapTaskBeanInfo
distributedWekaBase,weka.distributed.WekaScoringMapTask
distributedWekaBase,weka.distributed.WekaClassifierReduceTask
distributedWekaBase,weka.distributed.CorrelationMatrixMapTask
distributedWekaBase,weka.distributed.CanopyMapTask
distributedWekaBase,weka.distributed.clusterers.CanopyAssigner
distributedWekaBase,weka.distributed.clusterers.CanopyBuilder
distributedWekaBase,weka.distributed.CSVToARFFHeaderMapTaskBeanInfo
distributedWekaBase,weka.distributed.CanopyReduceTask
distributedWekaBase,weka.distributed.WekaClassifierEvaluationReduceTask
distributedWekaBase,weka.filters.unsupervised.attribute.PreConstructedPCA
distributedWekaBase,weka.filters.unsupervised.attribute.PreconstructedMissingValuesReplacer
distributedWekaBase,weka.filters.PreconstructedFilter
distributedWekaBase,weka.filters.MakePreconstructedFilter
distributedWekaBase,weka.gui.beans.InstancesProducer
distributedWekaBase,weka.gui.beans.TextProducer
distributedWekaBase,weka.gui.beans.ImageProducer
distributedWekaBase,weka.gui.beans.FailureEvent
distributedWekaBase,weka.gui.beans.FailureListener
distributedWekaBase,weka.gui.beans.ClustererProducer
distributedWekaBase,weka.gui.beans.KFIgnore
distributedWekaBase,weka.gui.beans.SuccessEvent
distributedWekaBase,weka.gui.beans.SuccessListener
distributedWekaBase,weka.gui.beans.ClassifierProducer
distributedWekaBase,weka.clusterers.PreconstructedFilteredClusterer
distributedWekaBase,weka.clusterers.InstanceWithCanopyAssignments
distributedWekaBase,weka.clusterers.ClusterUtils
distributedWekaBase,weka.clusterers.CentroidSketch
distributedWekaBase,weka.clusterers.PreconstructedKMeans
distributedWekaBase,weka.core.WeightedReservoirSample
distributedWekaBase,weka.core.StreamableFilterHelper
distributedWekaBase,weka.core.Preconstructed
distributedWekaBase,weka.core.stats.QuantileCalculator
distributedWekaBase,weka.core.stats.IncrementalQuantileEstimator
distributedWekaBase,weka.core.stats.Stats
distributedWekaBase,weka.core.stats.StringStats
distributedWekaBase,weka.core.stats.StatsFormatter
distributedWekaBase,weka.core.stats.NominalStats
distributedWekaBase,weka.core.stats.NumericAttributeBinData
distributedWekaBase,weka.core.stats.TDigest
distributedWekaBase,weka.core.stats.NumericStats
distributedWekaBase,weka.core.stats.ArffSummaryNumericMetric
distributedWekaBase,weka.core.ChartUtils
distributedWekaBase,weka.core.converters.DFSConverterUtils
distributedWekaBase,com.clearspring.analytics.util.Preconditions
distributedWekaBase,com.clearspring.analytics.util.Lists
distributedWekaBase,com.clearspring.analytics.util.AbstractIterator
distributedWekaBase,com.clearspring.analytics.stream.quantile.TDigest
distributedWekaBase,com.clearspring.analytics.stream.quantile.GroupTree
distributedWekaHadoopCore,distributed.hadoop.HDFSUtils
distributedWekaHadoopCore,distributed.hadoop.HDFSConfig
distributedWekaHadoopCore,distributed.hadoop.AbstractHadoopJobConfig
distributedWekaHadoopCore,distributed.hadoop.MapReduceJobConfig
distributedWekaHadoopCore,distributed.hadoop.MapReduceJobConfigBeanInfo
distributedWekaHadoopCore,weka.distributed.hadoop.HadoopJobBeanInfo
distributedWekaHadoopCore,weka.distributed.hadoop.WekaScoringHadoopJobBeanInfo
distributedWekaHadoopCore,weka.distributed.hadoop.WekaFoldBasedClassifierHadoopMapper
distributedWekaHadoopCore,weka.distributed.hadoop.CorrelationMatrixRowHadoopReducer
distributedWekaHadoopCore,weka.distributed.hadoop.WekaClassifierHadoopReducer
distributedWekaHadoopCore,weka.distributed.hadoop.CorrelationMatrixHadoopMapper
distributedWekaHadoopCore,weka.distributed.hadoop.WekaClassifierHadoopJobBeanInfo
distributedWekaHadoopCore,weka.distributed.hadoop.WekaFoldBasedClassifierEvaluationHadoopMapper
distributedWekaHadoopCore,weka.distributed.hadoop.KMeansClustererHadoopJobBeanInfo
distributedWekaHadoopCore,weka.distributed.hadoop.WekaClassifierEvaluationHadoopReducer
distributedWekaHadoopCore,weka.distributed.hadoop.CorrelationMatrixHadoopJobBeanInfo
distributedWekaHadoopCore,weka.distributed.hadoop.HadoopJob
distributedWekaHadoopCore,weka.distributed.hadoop.RandomizedDataChunkHadoopMapper
distributedWekaHadoopCore,weka.distributed.hadoop.WekaScoringHadoopMapper
distributedWekaHadoopCore,weka.distributed.hadoop.CorrelationMatrixHadoopJob
distributedWekaHadoopCore,weka.distributed.hadoop.WekaScoringHadoopJob
distributedWekaHadoopCore,weka.distributed.hadoop.RandomizedDataChunkHadoopJobBeanInfo
distributedWekaHadoopCore,weka.distributed.hadoop.KMeansClustererHadoopJob
distributedWekaHadoopCore,weka.distributed.hadoop.KMeansHadoopReducer
distributedWekaHadoopCore,weka.distributed.hadoop.KMeansCentroidSketchHadoopReducer
distributedWekaHadoopCore,weka.distributed.hadoop.WekaClassifierHadoopMapper
distributedWekaHadoopCore,weka.distributed.hadoop.WekaClassifierEvaluationHadoopJob
distributedWekaHadoopCore,weka.distributed.hadoop.ArffHeaderHadoopJob
distributedWekaHadoopCore,weka.distributed.hadoop.KMeansCentroidSketchHadoopMapper
distributedWekaHadoopCore,weka.distributed.hadoop.RandomizedDataChunkHadoopJob
distributedWekaHadoopCore,weka.distributed.hadoop.WekaFoldBasedClassifierHadoopReducer
distributedWekaHadoopCore,weka.distributed.hadoop.RandomizedDataChunkHadoopReducer
distributedWekaHadoopCore,weka.distributed.hadoop.KMeansHadoopMapper
distributedWekaHadoopCore,weka.distributed.hadoop.CSVToArffHeaderHadoopReducer
distributedWekaHadoopCore,weka.distributed.hadoop.ArffHeaderHadoopJobBeanInfo
distributedWekaHadoopCore,weka.distributed.hadoop.CSVToArffHeaderHadoopMapper
distributedWekaHadoopCore,weka.distributed.hadoop.WekaClassifierHadoopJob
distributedWekaHadoopCore,weka.distributed.hadoop.WekaClassifierEvaluationHadoopJobBeanInfo
distributedWekaHadoopCore,weka.knowledgeflow.steps.CSVToARFFHadoopJob
distributedWekaHadoopCore,weka.knowledgeflow.steps.AbstractHadoopJob
distributedWekaHadoopCore,weka.knowledgeflow.steps.CorrelationMatrixHadoopJob
distributedWekaHadoopCore,weka.knowledgeflow.steps.WekaScoringHadoopJob
distributedWekaHadoopCore,weka.knowledgeflow.steps.KMeansClustererHadoopJob
distributedWekaHadoopCore,weka.knowledgeflow.steps.WekaClassifierEvaluationHadoopJob
distributedWekaHadoopCore,weka.knowledgeflow.steps.RandomizedDataChunkHadoopJob
distributedWekaHadoopCore,weka.knowledgeflow.steps.WekaClassifierHadoopJob
distributedWekaHadoopCore,weka.gui.beans.WekaScoringHadoopJobBeanInfo
distributedWekaHadoopCore,weka.gui.beans.WekaClassifierHadoopJobBeanInfo
distributedWekaHadoopCore,weka.gui.beans.InteractiveTableModel
distributedWekaHadoopCore,weka.gui.beans.KMeansClustererHadoopJobBeanInfo
distributedWekaHadoopCore,weka.gui.beans.AbstractHadoopJobBeanInfo
distributedWekaHadoopCore,weka.gui.beans.CSVToARFFHadoopJob
distributedWekaHadoopCore,weka.gui.beans.CorrelationMatrixHadoopJobBeanInfo
distributedWekaHadoopCore,weka.gui.beans.AbstractHadoopJob
distributedWekaHadoopCore,weka.gui.beans.CorrelationMatrixHadoopJob
distributedWekaHadoopCore,weka.gui.beans.WekaScoringHadoopJob
distributedWekaHadoopCore,weka.gui.beans.RandomizedDataChunkHadoopJobBeanInfo
distributedWekaHadoopCore,weka.gui.beans.KMeansClustererHadoopJob
distributedWekaHadoopCore,weka.gui.beans.CSVToARFFHadoopJobBeanInfo
distributedWekaHadoopCore,weka.gui.beans.HadoopJobCustomizer
distributedWekaHadoopCore,weka.gui.beans.InteractiveTablePanel
distributedWekaHadoopCore,weka.gui.beans.WekaClassifierEvaluationHadoopJob
distributedWekaHadoopCore,weka.gui.beans.RandomizedDataChunkHadoopJob
distributedWekaHadoopCore,weka.gui.beans.WekaClassifierHadoopJob
distributedWekaHadoopCore,weka.gui.beans.WekaClassifierEvaluationHadoopJobBeanInfo
distributedWekaHadoopCore,weka.gui.HadoopPropertyPanel
distributedWekaHadoopCore,weka.gui.knowledgeflow.steps.HadoopJobStepEditorDialog
distributedWekaHadoopCore,weka.gui.converters.HDFSLoaderCustomizer
distributedWekaHadoopCore,weka.gui.converters.HDFSSaverCustomizer
distributedWekaHadoopCore,weka.core.converters.HDFSLoaderBeanInfo
distributedWekaHadoopCore,weka.core.converters.HDFSSaverBeanInfo
distributedWekaHadoopCore,weka.core.converters.HDFSLoader
distributedWekaHadoopCore,weka.core.converters.HDFSSaver
partialLeastSquares,weka.classifiers.functions.PLSClassifier
partialLeastSquares,weka.filters.supervised.attribute.PLSFilter
paceRegression,weka.classifiers.functions.PaceRegression
paceRegression,weka.classifiers.functions.pace.DiscreteFunction
paceRegression,weka.classifiers.functions.pace.ChisqMixture
paceRegression,weka.classifiers.functions.pace.MixtureDistribution
paceRegression,weka.classifiers.functions.pace.NormalMixture
paceRegression,weka.classifiers.functions.pace.PaceMatrix
distributedWekaSpark,distributed.spark.BaseSparkJobConfig
distributedWekaSpark,distributed.spark.SparkJobConfigBeanInfo
distributedWekaSpark,distributed.spark.SparkJobConfig
distributedWekaSpark,weka.distributed.spark.CachingStrategy
distributedWekaSpark,weka.distributed.spark.RandomizedDataSparkJob
distributedWekaSpark,weka.distributed.spark.SparkJobBeanInfo
distributedWekaSpark,weka.distributed.spark.Dataset
distributedWekaSpark,weka.distributed.spark.IntegerKeyPartitioner
distributedWekaSpark,weka.distributed.spark.SparkJob
distributedWekaSpark,weka.distributed.spark.RandomizedDataSparkJobBeanInfo
distributedWekaSpark,weka.distributed.spark.CSVToInstancePairFlatMapFunction
distributedWekaSpark,weka.distributed.spark.CSVToInstanceFlatMapFunction
distributedWekaSpark,weka.distributed.spark.WekaScoringSparkJob
distributedWekaSpark,weka.distributed.spark.KMeansClustererSparkJob
distributedWekaSpark,weka.distributed.spark.WekaClassifierSparkJob
distributedWekaSpark,weka.distributed.spark.AbstractDataset
distributedWekaSpark,weka.distributed.spark.ArffHeaderSparkJobBeanInfo
distributedWekaSpark,weka.distributed.spark.CorrelationMatrixSparkJob
distributedWekaSpark,weka.distributed.spark.CanopyClustererSparkJob
distributedWekaSpark,weka.distributed.spark.KMeansClustererSparkJobBeanInfo
distributedWekaSpark,weka.distributed.spark.WekaClassifierEvaluationSparkJobBeanInfo
distributedWekaSpark,weka.distributed.spark.WekaClassifierSparkJobBeanInfo
distributedWekaSpark,weka.distributed.spark.ArffHeaderSparkJob
distributedWekaSpark,weka.distributed.spark.DatasetManager
distributedWekaSpark,weka.distributed.spark.WekaScoringSparkJobBeanInfo
distributedWekaSpark,weka.distributed.spark.CorrelationMatrixSparkJobBeanInfo
distributedWekaSpark,weka.distributed.spark.WekaClassifierEvaluationSparkJob
distributedWekaSpark,weka.distributed.spark.SparkUtils
distributedWekaSpark,weka.knowledgeflow.steps.AbstractSparkJob
distributedWekaSpark,weka.knowledgeflow.steps.RandomizedDataSparkJob
distributedWekaSpark,weka.knowledgeflow.steps.WekaScoringSparkJob
distributedWekaSpark,weka.knowledgeflow.steps.KMeansClustererSparkJob
distributedWekaSpark,weka.knowledgeflow.steps.WekaClassifierSparkJob
distributedWekaSpark,weka.knowledgeflow.steps.CorrelationMatrixSparkJob
distributedWekaSpark,weka.knowledgeflow.steps.WekaScoringSparkStep
distributedWekaSpark,weka.knowledgeflow.steps.ArffHeaderSparkJob
distributedWekaSpark,weka.knowledgeflow.steps.WekaClassifierEvaluationSparkJob
distributedWekaSpark,weka.gui.beans.AbstractSparkJob
distributedWekaSpark,weka.gui.beans.RandomizedDataSparkJob
distributedWekaSpark,weka.gui.beans.AbstractSparkJobBeanInfo
distributedWekaSpark,weka.gui.beans.RandomizedDataSparkJobBeanInfo
distributedWekaSpark,weka.gui.beans.WekaScoringSparkJob
distributedWekaSpark,weka.gui.beans.SparkJobCustomizer
distributedWekaSpark,weka.gui.beans.KMeansClustererSparkJob
distributedWekaSpark,weka.gui.beans.WekaClassifierSparkJob
distributedWekaSpark,weka.gui.beans.ArffHeaderSparkJobBeanInfo
distributedWekaSpark,weka.gui.beans.CorrelationMatrixSparkJob
distributedWekaSpark,weka.gui.beans.KMeansClustererSparkJobBeanInfo
distributedWekaSpark,weka.gui.beans.WekaClassifierEvaluationSparkJobBeanInfo
distributedWekaSpark,weka.gui.beans.WekaClassifierSparkJobBeanInfo
distributedWekaSpark,weka.gui.beans.ArffHeaderSparkJob
distributedWekaSpark,weka.gui.beans.WekaScoringSparkJobBeanInfo
distributedWekaSpark,weka.gui.beans.CorrelationMatrixSparkJobBeanInfo
distributedWekaSpark,weka.gui.beans.WekaClassifierEvaluationSparkJob
distributedWekaSpark,weka.gui.knowledgeflow.steps.SparkJobStepEditorDialog
simpleEducationalLearningSchemes,weka.classifiers.rules.Prism
simpleEducationalLearningSchemes,weka.classifiers.bayes.NaiveBayesSimple
simpleEducationalLearningSchemes,weka.classifiers.lazy.IB1
simpleEducationalLearningSchemes,weka.classifiers.trees.Id3
SPegasos,weka.classifiers.functions.SPegasos
probabilityCalibrationTrees,weka.classifiers.meta.CascadeGeneralization
probabilityCalibrationTrees,weka.classifiers.trees.PCT
probabilityCalibrationTrees,weka.classifiers.trees.lmt.PCTNode
probabilityCalibrationTrees,weka.classifiers.trees.lmt.PCTNodeBase
multiInstanceLearning,weka.classifiers.mi.MIRI
multiInstanceLearning,weka.classifiers.mi.SimpleMI
multiInstanceLearning,weka.classifiers.mi.MIEMDD
multiInstanceLearning,weka.classifiers.mi.MINND
multiInstanceLearning,weka.classifiers.mi.MIBoost
multiInstanceLearning,weka.classifiers.mi.MDD
multiInstanceLearning,weka.classifiers.mi.MIOptimalBall
multiInstanceLearning,weka.classifiers.mi.supportVector.MIRBFKernel
multiInstanceLearning,weka.classifiers.mi.supportVector.MIPolyKernel
multiInstanceLearning,weka.classifiers.mi.miti.SufficientInstanceStatistics
multiInstanceLearning,weka.classifiers.mi.miti.TreeNode
multiInstanceLearning,weka.classifiers.mi.miti.SSBEPP
multiInstanceLearning,weka.classifiers.mi.miti.Split
multiInstanceLearning,weka.classifiers.mi.miti.AlgorithmConfiguration
multiInstanceLearning,weka.classifiers.mi.miti.SufficientBagStatistics
multiInstanceLearning,weka.classifiers.mi.miti.BEPP
multiInstanceLearning,weka.classifiers.mi.miti.SufficientStatistics
multiInstanceLearning,weka.classifiers.mi.miti.NextSplitHeuristic
multiInstanceLearning,weka.classifiers.mi.miti.Bag
multiInstanceLearning,weka.classifiers.mi.miti.MaxBEPP
multiInstanceLearning,weka.classifiers.mi.miti.IBestSplitMeasure
multiInstanceLearning,weka.classifiers.mi.miti.Gini
multiInstanceLearning,weka.classifiers.mi.TLDSimple
multiInstanceLearning,weka.classifiers.mi.MIDD
multiInstanceLearning,weka.classifiers.mi.TLC
multiInstanceLearning,weka.classifiers.mi.MISMO
multiInstanceLearning,weka.classifiers.mi.MITI
multiInstanceLearning,weka.classifiers.mi.MILR
multiInstanceLearning,weka.classifiers.mi.TLD
multiInstanceLearning,weka.classifiers.mi.QuickDDIterative
multiInstanceLearning,weka.classifiers.mi.MISVM
multiInstanceLearning,weka.classifiers.mi.MIWrapper
chiSquaredAttributeEval,weka.attributeSelection.ChiSquaredAttributeEval
kernelLogisticRegression,weka.classifiers.functions.KernelLogisticRegression
denormalize,weka.filters.unsupervised.instance.Denormalize
timeSeriesFilters,weka.filters.unsupervised.timeseries.OneDimensionalTimeSeriesToString
timeSeriesFilters,weka.filters.unsupervised.timeseries.SAXTransformer
timeSeriesFilters,weka.filters.unsupervised.timeseries.PAATransformer
timeSeriesFilters,weka.filters.unsupervised.timeseries.FlatToRelational
hotSpot,weka.associations.HotSpot
classifierBasedAttributeSelection,weka.attributeSelection.ClassifierAttributeEval
classifierBasedAttributeSelection,weka.attributeSelection.ClassifierSubsetEval
percentageErrorMetrics,weka.classifiers.evaluation.MeanAbsolutePercentageError
percentageErrorMetrics,weka.classifiers.evaluation.RootMeanSquarePercentageError
